Ciudad,Semana,Promedio
Ciudad 1,Semana 1,83.42857142857143
Ciudad 1,Semana 2,84.0
Ciudad 2,Semana 1,70.14285714285714
Ciudad 2,Semana 2,71.57142857142857
Ciudad 3,Semana 1,57.42857142857143
Ciudad 3,Semana 2,58.714285714285715
